{
  "ie": {
    "6": 0,
    "7": 0.9707523913312633,
    "8": 0,
    "9": 0.015568323487696734,
    "10": 0.0017161931403760179,
    "11": 51.55027403926895,
    "5.5": 0
  },
  "edge": {
    "12": 0,
    "13": 0.0002451704486251454,
    "14": 0.01225852243125727,
    "15": 0.008458380477567517,
    "16": 2.0672772228072263,
    "17": 2.391147385441043,
    "18": 0.0008580965701880089
  },
  "firefox": {
    "2": 0,
    "3": 0,
    "4": 0,
    "5": 0,
    "6": 0,
    "7": 0,
    "8": 0,
    "9": 0,
    "10": 0,
    "11": 0,
    "12": 0,
    "13": 0,
    "14": 0,
    "15": 0,
    "16": 0,
    "17": 0,
    "18": 0,
    "19": 0,
    "20": 0,
    "21": 0,
    "22": 0,
    "23": 0,
    "24": 0,
    "25": 0,
    "26": 0,
    "27": 0,
    "28": 0,
    "29": 0,
    "30": 0,
    "31": 0,
    "32": 0,
    "33": 0,
    "34": 0,
    "35": 0,
    "36": 0,
    "37": 0,
    "38": 0,
    "39": 0,
    "40": 0,
    "41": 0,
    "42": 0,
    "43": 0,
    "44": 0,
    "45": 0,
    "46": 0,
    "47": 0.0006129261215628635,
    "48": 0.0004903408972502908,
    "49": 0,
    "50": 0,
    "51": 0,
    "52": 0.002942045383501745,
    "53": 0,
    "54": 0,
    "55": 0,
    "56": 0.0006129261215628635,
    "57": 0.0013484374674382997,
    "58": 0.013852130347320716,
    "59": 0.0035549715050646083,
    "60": 0.019245880217073914,
    "61": 0.4098024048769306,
    "62": 0.17039346179447606,
    "63": 0,
    "64": 0,
    "3.5": 0,
    "3.6": 0
  },
  "chrome": {
    "4": 0,
    "5": 0,
    "6": 0,
    "7": 0,
    "8": 0,
    "9": 0,
    "10": 0,
    "11": 0,
    "12": 0,
    "13": 0,
    "14": 0,
    "15": 0,
    "16": 0,
    "17": 0,
    "18": 0,
    "19": 0,
    "20": 0,
    "21": 0,
    "22": 0,
    "23": 0,
    "24": 0,
    "25": 0,
    "26": 0,
    "27": 0,
    "28": 0,
    "29": 0,
    "30": 0,
    "31": 0,
    "32": 0,
    "33": 0,
    "34": 0,
    "35": 0,
    "36": 0,
    "37": 0,
    "38": 0,
    "39": 0,
    "40": 0,
    "41": 0,
    "42": 0,
    "43": 0,
    "44": 0,
    "45": 0,
    "46": 0,
    "47": 0.0011032670188131544,
    "48": 0,
    "49": 0.0011032670188131544,
    "50": 0,
    "51": 0,
    "52": 0,
    "53": 0,
    "54": 0,
    "55": 0.0001225852243125727,
    "56": 0.0004903408972502908,
    "57": 0,
    "58": 0,
    "59": 0,
    "60": 0.0004903408972502908,
    "61": 0,
    "62": 0.0022065340376263088,
    "63": 0.001961363589001163,
    "64": 0.0044130680752526175,
    "65": 0.017039346179447606,
    "66": 0.052711646454406264,
    "67": 10.045736547191021,
    "68": 16.68299093237096,
    "69": 12.741875970721745,
    "70": 0.0007355113458754363,
    "71": 0.002451704486251454,
    "72": 0
  },
  "safari": {
    "4": 0,
    "5": 0,
    "6": 0.0002451704486251454,
    "7": 0.0002451704486251454,
    "8": 0.0007355113458754363,
    "9": 0.03665298206945924,
    "10": 0.020839488133137362,
    "11": 0.3027855040520546,
    "12": 0.15838010981184392,
    "3.1": 0,
    "3.2": 0,
    "5.1": 0,
    "6.1": 0,
    "7.1": 0,
    "9.1": 0.03628522639652152,
    "10.1": 0.14857329186683813,
    "11.1": 1.1741212784658215,
    "TP": 0
  },
  "opera": {
    "9": 0,
    "11": 0,
    "12": 0,
    "15": 0,
    "16": 0,
    "17": 0,
    "18": 0,
    "19": 0,
    "20": 0,
    "21": 0,
    "22": 0,
    "23": 0,
    "24": 0,
    "25": 0,
    "26": 0,
    "27": 0,
    "28": 0,
    "29": 0,
    "30": 0,
    "31": 0,
    "32": 0,
    "33": 0,
    "34": 0,
    "35": 0,
    "36": 0,
    "37": 0,
    "38": 0,
    "39": 0,
    "40": 0,
    "41": 0,
    "42": 0,
    "43": 0,
    "44": 0,
    "45": 0,
    "46": 0,
    "47": 0,
    "48": 0,
    "49": 0,
    "50": 0,
    "51": 0,
    "52": 0,
    "53": 0.0073551134587543626,
    "54": 0.03971761267727356,
    "55": 0.03346576623733235,
    "9.5-9.6": 0,
    "10.0-10.1": 0,
    "10.5": 0,
    "10.6": 0,
    "11.1": 0,
    "11.5": 0,
    "11.6": 0,
    "12.1": 0
  },
  "ios_saf": {
    "8": 0,
    "12": 0.03910468655571069,
    "3.2": 0,
    "4.0-4.1": 0,
    "4.2-4.3": 0,
    "5.0-5.1": 0,
    "6.0-6.1": 0,
    "7.0-7.1": 0,
    "8.1-8.4": 0,
    "9.0-9.2": 0,
    "9.3": 0.011155255412444116,
    "10.0-10.2": 0.0008580965701880089,
    "10.3": 0.016303834833572173,
    "11.0-11.2": 0.08875170240230264,
    "11.3-11.4": 0.5458720038638862
  },
  "op_mini": {
    "all": 0
  },
  "android": {
    "3": 0,
    "4": 0,
    "67": 0,
    "2.1": 0,
    "2.2": 0,
    "2.3": 0,
    "4.1": 0,
    "4.2-4.3": 0,
    "4.4": 0,
    "4.4.3-4.4.4": 0
  },
  "bb": {
    "7": 0,
    "10": 0
  },
  "op_mob": {
    "10": 0.0002451704486251454,
    "11": 0.0002451704486251454,
    "12": 0.0002451704486251454,
    "46": 0.0002451704486251454,
    "11.1": 0.0002451704486251454,
    "11.5": 0.0002451704486251454,
    "12.1": 0.0002451704486251454
  },
  "and_chr": {
    "69": 0.11878508235888295
  },
  "and_ff": {
    "62": 0.0013484374674382997
  },
  "ie_mob": {
    "10": 0,
    "11": 0
  },
  "and_uc": {
    "11.8": 0
  },
  "samsung": {
    "4": 0,
    "5": 0,
    "6.2": 0,
    "7.2": 0
  },
  "and_qq": {
    "1.2": 0
  },
  "baidu": {
    "7.12": 0
  }
}